{"Fid":"fXm32d7_QEKGwBO6qWVC2Y","Status":3,"AuthToken":"eyJhbGciOiJFUzI1NiIsInR5cCI6IkpXVCJ9.eyJhcHBJZCI6IjE6MTAyMzEzMzcyODg5NDphbmRyb2lkOmYyNWE2NzFmNTE5NGUxZDYxOGQ4MmYiLCJleHAiOjE3NjU5NDYxOTAsImZpZCI6ImZYbTMyZDdfUUVLR3dCTzZxV1ZDMlkiLCJwcm9qZWN0TnVtYmVyIjoxMDIzMTMzNzI4ODk0fQ.AB2LPV8wRQIgN-GJkme0wIy0SSIK4T3x0jSaJrpG_3XthvcaoHDznTICIQDnXxMSWooj3NvpEf3U-HmlThTxvquA3QeTp6bDjw64cw","RefreshToken":"3_AS3qfwJu-72O7YZXhd9oDJk_1cTn-Ris2I7zHSA2XJyhDzbKdww9sZwJ2beXr3W_i1itPwiNFJgJe_zDv4caBSi4nqPtuhkcJsFpyHu_X6pj6uE","TokenCreationEpochInSecs":1765341390,"ExpiresInSecs":604800}