{"Fid":"f3bNV_qgRwaxjtlbs9nnn6","Status":3,"AuthToken":"eyJhbGciOiJFUzI1NiIsInR5cCI6IkpXVCJ9.eyJhcHBJZCI6IjE6MTAyMzEzMzcyODg5NDphbmRyb2lkOmYyNWE2NzFmNTE5NGUxZDYxOGQ4MmYiLCJleHAiOjE3NjU5NzU0OTYsImZpZCI6ImYzYk5WX3FnUndheGp0bGJzOW5ubjYiLCJwcm9qZWN0TnVtYmVyIjoxMDIzMTMzNzI4ODk0fQ.AB2LPV8wRAIgeMV-BjMk4sO5Rft5cAKYbCYzAxVxnHy3l3Q57uZZXeUCIA-7362Xo7OCxZEt9jB_jfOY4cqG7YbQLSbWle2rOD_6","RefreshToken":"3_AS3qfwKPoHfgvtSeTghZdcrNCkfW00SraBnPvvjNWwOCgTYzG4vB5uA-b5zsW74QM1Kqy3Wvl2OwW5xGJChi94TFAHx--IhKl94HmhAK7Hsjs9o","TokenCreationEpochInSecs":1765370696,"ExpiresInSecs":604800}