<?xml version='1.0' encoding='utf-8' standalone='yes' ?>
<map>
    <string name="prev_event_name">trailer_played</string>
    <int name="AF_CACHE_VERSION" value="2" />
    <boolean name="didSendRevenueTriggerOnLastBackground" value="true" />
    <long name="prev_event_timestamp" value="1765370721507" />
    <int name="appsFlyerInAppEventCount" value="13" />
    <string name="gcd">{&quot;retries&quot;:0,&quot;net&quot;:3162}</string>
    <long name="prev_session_dur" value="22" />
    <boolean name="ddl_sent" value="true" />
    <long name="af_rc_max_age" value="86400" />
    <string name="sentSuccessfully">true</string>
    <int name="versionCode" value="36" />
    <string name="af_remote_config">eyJmZWF0dXJlcyI6e30sInZlciI6ImRlZmF1bHQudjEuMTYzNzE0OTUyOSJ9</string>
    <string name="savedProperties">{&quot;logLevel&quot;:&quot;0&quot;}</string>
    <string name="AF_INSTALLATION">1765370695305-6570077941290332074</string>
    <boolean name="afUninstallToken_queued" value="false" />
    <int name="appsFlyerCount" value="1" />
    <long name="AppsFlyerTimePassedSincePrevLaunch" value="1765370697759" />
    <boolean name="newGPReferrerSent" value="true" />
    <long name="af_rc_timestamp" value="1765370695678" />
    <string name="first_launch">{&quot;from_fg&quot;:2323,&quot;net&quot;:1000,&quot;start_with&quot;:&quot;application&quot;,&quot;init_to_fg&quot;:135}</string>
    <string name="appsFlyerFirstInstall">2025-12-10_181455+0530</string>
    <string name="attributionId">{&quot;install_time&quot;:&quot;2025-12-10 12:44:58.725&quot;,&quot;af_message&quot;:&quot;organic install&quot;,&quot;af_status&quot;:&quot;Organic&quot;,&quot;is_first_launch&quot;:false}</string>
</map>
