<?xml version='1.0' encoding='utf-8' standalone='yes' ?>
<map>
    <long name="first_open_time" value="1765341388811" />
    <string name="gmp_app_id">1:1023133728894:android:f25a671f5194e1d618d82f</string>
    <string name="app_instance_id">cee754fedb71c009541235be0269e866</string>
    <long name="session_id" value="1765341389" />
    <boolean name="app_backgrounded" value="true" />
    <long name="health_monitor:start" value="1765341389091" />
    <boolean name="use_service" value="true" />
    <boolean name="deferred_analytics_collection" value="false" />
    <string name="previous_os_version">15</string>
    <boolean name="has_been_opened" value="true" />
    <boolean name="allow_remote_dynamite" value="true" />
    <long name="last_pause_time" value="1765341627089" />
    <boolean name="start_new_session" value="false" />
</map>
